ID,BlendProperty1,BlendProperty2,BlendProperty3,BlendProperty4,BlendProperty5,BlendProperty6,BlendProperty7,BlendProperty8,BlendProperty9,BlendProperty10
1,-0.19691633,-0.068337694,0.6301837,0.24040109,0.345537,0.54261225,0.6169353,0.19303663,-0.32597396,0.12062323
2,-0.51367337,-0.5179615,-1.2825191,-0.20916459,-0.72792023,0.09362879,-1.2564149,-1.3633274,-0.26802832,0.03887683
3,1.5171312,0.95839256,0.9332617,0.97081685,2.4169319,1.5146228,0.8895366,1.7560712,0.19697371,2.1016376
4,-0.26355618,0.25288445,0.70223,0.22699696,1.9145352,-0.25014305,0.6919145,0.98068815,0.72860223,-0.9374192
5,-0.05210627,-0.70254904,1.1402991,0.3035294,2.413601,0.014801948,1.0383505,0.4181398,-0.5852403,0.9027536
6,-1.4033532,-1.7236676,0.24681497,-1.5025256,0.0114102205,-1.4435594,0.2302152,-0.084019534,-0.8524389,-0.04183098
7,0.76409537,0.3192083,-0.16166018,-0.0325622,-0.11415077,0.37546515,-0.08196475,0.34087223,1.118991,0.3102815
8,1.8080004,1.1781975,0.6064175,1.1258466,-1.5116904,1.1754031,0.55362713,0.5907174,1.7565612,0.21518393
9,1.2434741,1.4000729,1.0661106,1.5674162,-0.5508895,1.2469705,0.9609025,0.108204,0.8814808,0.6089336
10,-0.96327937,-0.9552836,-1.8766509,-0.41106886,-1.1931381,-0.44978657,-1.8948014,-0.1261479,-0.6714859,-1.459021
11,-0.06274121,0.3058,0.8548208,0.38871688,1.699907,-0.016641876,0.78175,-0.22175135,-0.6948566,0.87015593
12,0.9070066,0.37075558,0.7778893,-0.18881407,1.13096,0.15767884,0.7894237,0.6749308,-0.38355356,0.91111505
13,0.7008711,-0.026387027,0.8751981,0.42690748,-1.3614626,1.9088022,0.8890018,0.70816547,1.2334632,1.7344043
14,-0.44001997,0.32226953,0.62026024,-0.8215663,2.4604602,-0.49706388,0.5360111,0.4021825,-1.0569147,-0.403319
15,0.61730295,1.9071807,0.6842581,1.6468197,-0.2040589,0.53700227,0.57432437,0.87940186,0.6370779,-0.7803864
16,-0.21810715,-0.6407588,0.75121784,-0.46807942,0.5619574,-0.83239764,0.6610787,0.042690814,-1.3953332,0.23647141
17,-1.2084987,-1.1114615,-0.17284897,-1.6566408,-0.79630226,0.10946927,-0.10142967,-0.7907757,-0.2098191,-1.0662476
18,-0.25687718,-0.23638472,0.51957595,-0.13740419,-0.04568416,-0.041453645,0.5054197,1.1036682,-0.13234349,-0.7871021
19,0.09772739,-0.0007552351,0.9282815,-0.7136555,1.7659051,-0.8716446,0.8536509,1.2399664,-1.2303923,1.3371764
20,-0.37901014,-1.288289,0.50046843,-0.83620244,-0.77721137,-0.7498341,0.35125166,0.2528439,-0.9533542,-1.4147696
21,-0.18413864,-2.195625,0.41411766,-0.8067237,1.7999631,-1.6605256,0.4135044,0.4601917,-0.8413487,0.72241247
22,0.30171695,0.9921543,0.10620117,1.6652045,1.3538791,1.6050254,0.084985174,0.7365871,0.7467399,1.7129034
23,1.3274409,1.4279083,1.0427097,1.0162838,1.5339874,0.31571454,1.008902,0.8921215,0.10612867,1.4730335
24,0.27739817,0.5437437,0.34715408,0.38466305,-0.9956011,0.102454394,0.34035963,-0.33000383,-0.14650685,0.2657948
25,-1.318313,-0.90896595,-0.02796191,-0.76481223,-0.5548359,-0.29657352,0.022183903,-1.0443023,-0.10639501,0.07264829
26,-0.46007332,-0.035472102,0.3132211,-0.6223455,-0.310877,-0.15239397,0.273996,-0.7030643,0.19066404,-1.23665
27,1.2111869,0.46396106,0.16856991,1.4490923,-1.3512427,0.049170103,0.09343979,0.13847409,0.48798868,-1.1153809
28,0.17818917,-0.5144195,-0.2571687,-0.72618335,-1.1534982,-0.21372834,-0.2609738,-0.7859363,0.77463824,0.75234973
29,-0.8245393,-1.1488838,-0.04602969,-0.6321129,-0.43923634,-0.9196219,-0.07508651,-1.0306814,-0.57899,-0.026546538
30,0.38753012,0.41649923,-0.5666951,-0.5789315,-1.7196393,0.31756043,-0.6000168,-0.9693626,-0.054046,-1.4450105
31,-1.1527649,-0.34146684,0.25386164,-0.46334946,1.0826764,-1.0706348,0.18899463,-0.074647866,-1.9518405,0.3849525
32,-1.0504189,-0.5473927,0.063847765,-1.0728753,0.38278466,-1.1699932,-0.02033145,-0.23669407,-0.80857265,0.24632786
33,0.5237296,0.65894705,-0.42703497,0.5744214,0.13270369,-0.3677627,-0.37247315,0.17665376,0.38618618,-0.5547241
34,1.1188298,0.9138177,0.2952943,0.35553518,-0.97734725,0.4070087,0.23382029,1.6427158,-0.22736631,-0.56199914
35,-0.80373764,-1.0925438,-0.082537785,-0.9059949,0.113406725,-0.44869706,-0.07992047,-1.0369576,-2.2429867,0.1966572
36,1.453448,0.45479703,0.64006895,0.4998524,0.8068594,0.7700528,0.59140766,1.151165,-0.66217756,0.6655799
37,0.14246866,0.00082161214,-0.6453527,-0.007590935,-1.2776538,0.27552077,-0.6515767,-0.24371979,1.5842627,-0.46550727
38,0.30408186,0.7456723,0.4446528,1.1509995,0.29896596,0.5757197,0.44574454,-0.034941584,1.126821,-0.75353795
39,-1.7064551,-1.4638245,-0.17131585,-1.3954145,0.22649592,-0.020584768,-0.18848346,-1.5516994,-0.6933444,0.19085817
40,0.10594786,0.8855812,0.6461342,-0.46618235,-0.22245498,0.31344315,0.6468359,-0.13428102,0.3223167,-0.70336676
41,1.672337,1.3254465,1.4361278,1.4047015,2.3181007,2.2404022,1.6139773,0.9856733,1.1526549,1.8256198
42,1.8061831,0.612328,1.0553069,0.7027924,-1.2154506,0.6739947,0.93589044,0.83442044,1.3252568,2.1027806
43,-1.8041027,-0.50681376,-1.0842173,-1.1288474,-0.5040634,-0.69658256,-1.0249577,-1.6847306,-0.83121526,-1.1946088
44,1.2213432,0.26872507,0.17866929,1.0094268,-0.3385899,0.50271857,0.27878767,1.7005699,0.3785577,-0.08932768
45,-0.54393643,-0.5785816,-0.015179074,-1.5111864,1.8062023,-1.3760377,-0.06074363,-0.27918938,-1.3781301,0.45397577
46,0.81863576,1.0341018,0.691019,0.68124866,0.7267064,0.811051,0.69808424,0.495739,0.8641529,-0.7273489
47,-1.144761,-1.9112446,-0.8621895,-1.2256014,-0.075661965,-1.9021538,-0.9376739,-1.0940398,-1.9396174,-0.45460162
48,-0.20517905,0.1755367,-0.42838106,0.087640405,-0.43985078,-0.6046186,-0.5220719,0.06534638,0.6103331,-0.64682305
49,-0.5164952,-0.7574478,0.5263864,-0.27484867,-0.9121562,-0.44880697,0.45263666,-0.16560698,-1.3427361,0.09493216
50,-1.3948071,-1.2656467,-2.2461753,-0.55362296,-0.5635205,-1.3552254,-2.215856,-1.4878303,-1.6438187,-1.723882
51,1.5762162,0.6103853,1.6889571,0.7170573,2.3456311,-0.673835,1.8534654,-0.103662096,-0.4761911,1.9183556
52,0.047988933,1.1318378,1.361634,-0.28738785,0.9934143,1.2051358,1.5752902,0.83159786,0.5251134,-0.87300503
53,-0.2391165,-0.13080557,-0.36292782,-0.6328256,0.01113256,-0.8102367,-0.38148132,0.21924148,0.4807823,0.2004323
54,1.3777231,0.8292112,0.22153305,0.7033727,0.6993124,-0.07598696,0.17430353,0.74614155,-0.64656657,2.0265281
55,0.32197213,0.7020835,0.59412587,0.1768529,-0.11260245,0.80995,0.51008385,0.15254049,0.7257128,-0.20368187
56,0.7698919,-0.043308865,0.3936178,0.024279678,-0.10263532,0.65725964,0.38682193,0.9881063,-0.24811916,-0.9067455
57,-0.050671924,0.15195346,0.37320125,0.02975869,-0.20314036,1.2614301,0.30609846,-0.03227181,0.30292648,0.7072927
58,-1.6724966,-0.87398046,0.56299275,-0.22022189,1.2482117,-0.5330711,0.57364655,-0.38012964,-1.8980865,0.1450666
59,-0.33748728,0.33478805,0.43928164,0.63655376,-1.3882141,-0.102383375,0.33915952,-0.091409974,0.6029964,-1.8051599
60,-0.9646683,-1.66568,0.23681116,-1.5263857,1.7268171,-0.92031306,0.17035048,-0.79238486,-0.986935,0.78352034
61,-0.35361242,-0.0364797,-1.9223326,-0.8515683,0.040008243,-0.5820227,-1.9159287,-0.77583766,-0.2415287,-1.2004164
62,0.06950007,-0.8127897,0.062262997,-0.45074067,-0.9609759,0.31446078,0.014356763,-0.67289454,0.9232643,-0.82847327
63,0.9634603,0.2593266,0.56308895,1.3682606,-0.233057,1.181163,0.54102135,0.9452686,1.1469175,1.2465644
64,-0.30541378,-0.501543,0.7679768,-0.9127313,0.98191094,-1.0368128,0.75804263,-0.17918476,-0.9745274,-0.059644543
65,-0.40645936,-0.4332668,1.0768406,-1.2283262,0.19715019,1.3587897,1.0952946,0.60358137,0.7890776,-0.9043427
66,0.3326845,-0.42297742,-0.27331662,-0.6055928,0.7801825,0.12519221,-0.35204047,-0.3071617,0.5883671,-0.08394698
67,0.9525526,1.5215685,0.79164684,0.53718555,-0.143707,1.3888512,0.818887,1.121194,0.8754454,0.99549484
68,-0.8124211,-0.65783364,-0.867688,0.55028945,-1.0498357,-0.49184328,-0.8674376,0.062074468,-0.71473235,-0.79418594
69,1.4026763,1.4261295,0.39105043,1.0624118,-0.4613552,-0.35751158,0.42233136,0.98118883,-0.006579137,1.8028407
70,-0.28790325,-0.2321389,0.28266478,-0.31365713,-0.2856791,-0.670746,0.25522912,-0.5302511,0.29806763,0.68244207
71,-0.43516123,-0.21452846,-0.022896474,-0.7456677,-0.80196905,-0.5609716,-0.049460266,-0.256068,-0.68134016,0.7839916
72,0.70302004,0.1659898,0.13731754,0.88532007,0.2895579,0.70298904,0.16964015,0.51232743,0.44729084,-0.83344597
73,0.64483094,0.64853746,1.5898135,-0.61849654,3.481723,0.81702167,1.7370178,0.3090222,0.070924625,1.2269685
74,1.4807684,0.8390289,1.1683372,0.9846438,1.5342588,0.2371258,1.2667757,0.9377564,0.43465313,2.199615
75,0.90802604,0.65262944,-0.10255394,1.0075144,-0.5517942,-0.11875471,-0.13991661,0.50955546,0.6535997,0.37292463
76,-0.42000538,-0.29462105,-0.1126706,-0.06545034,-0.28751567,0.7127134,-0.10745508,-0.43136105,0.18050367,-0.94436455
77,-0.5131844,-0.043777455,0.6548022,-0.5047045,-1.1402205,-0.3203523,0.6502905,-0.5360565,-0.61393356,-1.0160843
78,0.49988806,1.1571648,0.8997047,0.4212308,1.0095775,1.8338218,0.9873191,1.8938987,0.5228727,-0.31225485
79,1.0234312,0.98976827,0.3246834,1.4309235,-0.641366,0.4881113,0.35022217,0.78962064,0.79575956,-0.20827892
80,0.65746856,0.5414676,-1.4095097,-0.02585616,-0.7146369,0.1557432,-1.3837726,-0.15461089,1.6950235,0.63980013
81,-0.38172066,0.6546458,0.9463511,-0.037484784,-0.45484993,-0.21083075,0.93423223,0.92124176,0.039727382,1.2438905
82,1.5640359,1.0746436,0.9140784,-0.056647304,0.3444826,1.0639817,0.97755575,0.52239066,0.23482455,-0.39044902
83,-0.56806463,-0.31452876,0.6395208,-0.79906374,-0.7347699,-0.11262989,0.60724175,-0.08339863,-0.5394403,0.5187222
84,0.93459815,0.46190658,1.2157831,0.81375986,-0.4797537,1.3523138,1.3022702,1.6458046,-0.13779265,0.4478014
85,-0.5491956,-0.63351184,-1.4509594,-1.2286261,0.062429566,-1.7359918,-1.4629854,-1.277089,-1.1740425,-0.25880414
86,0.21553795,-0.649422,0.7713952,-0.24868108,1.1640344,-0.19658437,0.8255051,0.1423852,-2.0244148,0.66297734
87,-0.75219685,-0.9341177,1.0483714,-1.0079975,0.012785323,0.3360991,0.9830619,-0.6595703,-0.55016565,-1.2674582
88,-0.60148674,-0.07071406,0.35513213,-0.72551084,-1.1179389,-0.5193142,0.3690641,-0.070536055,-0.7724854,-0.3056526
89,-0.0931184,-0.38968664,0.5385698,-0.38021767,-0.47338134,-0.5394779,0.56281155,-0.9059849,-0.6776164,-0.7922259
90,0.26481542,-0.6935279,0.76382506,-0.46831203,2.1352012,-0.69059783,0.818535,0.2413455,-1.1703185,0.70695674
91,0.1904324,-0.5060071,-0.16852598,-0.1122209,-0.8824401,0.26345518,-0.12298154,-0.21146165,1.2861824,-1.3284484
92,-1.3247869,-0.13808471,0.29101616,-0.76509947,-0.49062958,-0.9364153,0.29499924,-1.5714159,-1.1129011,-0.42900577
93,0.521873,-1.0371867,1.416833,0.8211605,0.6755804,-0.12320986,1.3475726,0.72355616,0.02534132,0.9182988
94,1.8319193,0.73071873,0.54493445,0.7516496,-1.0312169,0.73014313,0.5701664,0.90850246,1.0713354,1.9467335
95,0.82677335,0.9143961,-0.20109844,0.7069819,-0.25983852,0.9293925,-0.26246497,0.488123,1.7433473,-0.82568413
96,-1.294674,-1.104053,-0.07016431,-1.3903184,0.7647323,-1.8220339,-0.03496947,-0.10215718,-1.6013038,0.025637966
97,0.205185,-0.01338979,0.108574055,-0.0878161,-0.17281133,-0.14020966,0.12721343,-0.26843187,-0.0024199854,-0.72085446
98,-0.7671471,-0.12987389,0.24930242,-0.8238744,-0.9768138,-1.1119616,0.28673255,-0.38838193,-0.1750361,0.1749875
99,0.010896176,0.24345517,-1.47484,0.30378613,-0.044759817,-0.89584434,-1.4339596,-0.6920149,0.13999741,-0.81197125
100,-0.4777091,-0.6122064,-0.23893829,0.43511766,0.6642038,0.02633741,-0.21357864,-0.35776758,-0.24230376,-0.59006035
101,-1.3683327,-1.5841081,-1.819606,-0.88371116,0.4922516,-0.71655077,-1.7751386,-1.7674372,-1.2949888,-0.4905971
102,-0.48587662,-0.80863017,-0.28854382,-0.8940423,-0.82738256,-0.009542798,-0.3628767,-0.51244295,0.06687925,0.13480848
103,-1.7856901,-1.3776479,-0.9853201,-1.19388,-0.88437146,-1.3384769,-0.96970385,-1.2168931,-1.0384223,-1.4719498
104,-1.1288996,-1.3198407,0.92297506,-0.15330704,0.87678343,-0.28284696,0.84780467,-0.52866215,-0.20761965,0.2444598
105,0.48771974,0.22730446,1.0582533,0.28170058,0.12753901,0.11366121,0.95508814,0.8129859,-0.92753285,0.74413145
106,0.5167764,0.83196706,-2.003704,0.10326511,-1.5128053,0.62288594,-1.9469125,-0.96055925,2.0260618,-0.994757
107,-0.74449795,-0.92182285,0.18022396,-0.00483876,0.3001269,-0.36687717,0.10774524,-0.05479474,0.13829425,-1.1079013
108,-0.8735974,-0.025855169,-0.024321338,-0.7638906,-0.803555,0.4128822,-0.030919222,-0.39033934,-1.1080928,-0.0031112693
109,0.19612405,0.07508942,0.64359814,-0.27743945,0.6477614,-0.5901368,0.59753364,0.058554955,-1.381553,0.8028534
110,0.7686538,0.44151482,-0.74299073,0.874889,-0.43975464,0.3244881,-0.71114326,-0.27259293,1.3810524,-0.7564009
111,0.01928281,-0.26224294,1.3341609,0.34167093,1.2153141,-0.49394894,1.309926,0.4358682,0.083918154,1.1240768
112,0.6381591,0.30560067,0.45216584,0.042024158,-0.26826495,0.10361601,0.4985997,0.7598847,0.8728654,1.4340868
113,-0.008663633,-0.26674283,-0.21479589,0.2740122,0.19448082,-0.40807626,-0.18978754,-0.098062545,-0.13877256,-0.88226813
114,-0.27991396,-0.93475884,-0.9278663,-0.70658803,-0.8142267,-0.17642185,-0.9526585,-1.5533258,-0.11118319,-0.34983253
115,0.91911155,0.21644285,-1.2146091,0.8471725,-0.35313153,0.92220336,-1.1289021,-0.17680922,0.82490534,-0.34522676
116,-0.5861737,-0.41228542,-0.7504655,-0.18924758,0.3678282,-1.1918457,-0.7352502,-0.5505815,0.27142352,-1.0379561
117,-0.0865115,-0.21323705,-1.6865314,-0.79893875,-0.7957067,0.23185855,-1.647234,-1.0441872,-0.17488289,-0.67637795
118,0.028096344,-0.0153279295,0.73834676,-0.38456702,2.4308226,0.61748815,0.68650955,-0.15655237,0.3929119,-0.5965943
119,-0.25330746,-0.5987096,-2.1422386,0.2585756,-1.7052859,0.6107193,-2.1263092,-0.61350995,1.3521466,-1.4850173
120,1.1006964,0.51138544,0.35891864,0.97125375,0.2905475,0.55738,0.28875196,0.5334775,-0.15207997,0.5623509
121,0.37252206,0.1648748,-0.024515029,0.18695708,-1.1130501,1.2512841,-0.050371245,0.5298792,0.6674092,0.07221942
122,-0.4587828,-0.9664011,0.1909998,-0.9011886,-0.13235684,-0.9745837,0.17435375,-0.669156,-0.21180654,0.7685029
123,0.15337233,-0.31991914,0.0698393,0.38099906,-0.24334174,0.44446063,0.10822454,0.36819494,0.41176474,-1.1850553
124,-0.5962059,-0.96559733,-1.3134223,-1.1487138,0.11457995,-1.2466357,-1.2712916,-1.097167,-0.6726414,-1.2462555
125,-1.9123046,-1.8285629,-2.280784,-1.7770233,-0.18060988,-1.646643,-2.267363,-1.5359892,-0.9202677,-0.38024858
126,0.65452504,1.187645,-0.07123724,0.3977406,0.40014902,0.72423804,-0.13700467,0.078090526,0.548548,0.49512097
127,-0.9611476,-1.3381338,0.6974162,-0.12642936,2.3871062,-1.5327647,0.70966303,0.23002739,-1.140846,0.3129179
128,0.5040684,0.45534322,-0.83940274,0.51478094,-1.2913465,-0.78033173,-0.84389037,-0.25866008,1.1915817,-1.0613691
129,-0.2538998,-0.65736085,-0.095060274,-0.76501226,1.8711011,0.089722715,-0.113478534,-0.44121942,-1.0543216,0.29513907
130,1.2212548,1.3676416,1.4336259,2.2814658,1.4454298,1.5665835,1.5446609,1.2957827,0.45521525,0.23998973
131,1.9343315,1.3960105,0.7599468,1.6348519,2.9858024,1.3277352,0.8374829,2.0565004,0.90901226,-0.016764319
132,1.4700633,1.2677447,0.68519455,2.0422807,-0.88318545,0.8795762,0.77699786,1.7734156,1.6172816,-0.062260978
133,0.6845889,1.0497273,-0.7124298,1.438448,-0.5345067,0.43268394,-0.71186733,-0.22662103,0.39457348,-1.3590994
134,-1.0935228,-2.0353155,-0.1014382,-0.80054784,1.556058,-0.6803415,-0.081986345,-0.5951272,-0.13384993,0.36512172
135,-0.39405805,-0.03394523,-1.1996781,0.2959977,-1.2887053,0.5848027,-1.1692277,0.5308145,0.45469528,-0.46048436
136,0.560547,-0.1988956,-0.177083,0.501121,0.8959978,0.35545084,-0.21192442,0.19922209,0.70966727,0.22332446
137,-0.31709874,-0.5106546,0.2807061,-1.2593845,0.7451988,-0.31933364,0.32218572,-0.3252802,-1.8743083,0.7181105
138,1.4301687,0.15343042,0.35598972,1.3012974,0.19075476,0.3072186,0.3420689,-0.04632722,0.69117737,1.5994223
139,-0.013930991,-0.710724,0.45896596,0.16445935,1.9080788,-1.0022645,0.42486614,-0.12738346,-1.3216547,-0.23402236
140,-0.8687843,-0.34498903,0.89345485,-0.54211164,-0.09441721,1.0737172,0.90583175,0.4310023,0.41640654,-0.1953549
141,0.46666497,0.5059404,-0.8509442,0.4056343,-0.3390086,-0.61145073,-0.8710017,-0.17025115,-0.5808207,-1.0364966
142,-1.2987913,-0.6078697,-2.109174,-0.6432169,-0.9230158,-0.39541498,-2.0884206,-0.42768997,-0.07899951,-0.28229
143,0.8508096,1.001633,0.74288154,0.9428457,-0.93519086,0.27610618,0.6858507,0.86017936,0.83720475,0.97180367
144,-0.06368255,-0.2690261,-0.071944885,0.13945642,0.48796824,0.15223686,-0.23464935,0.93581253,-0.5758166,-0.4214017
145,0.8098372,1.1891949,0.57669646,0.6887537,0.04098909,0.9946534,0.51586765,0.17507075,1.5184562,2.0458617
146,0.16395305,1.3155961,0.29131576,0.32485014,-0.59964263,1.7715956,0.27885485,0.36422265,0.675432,-0.12812066
147,0.2585815,0.51596,0.21779355,-0.23194563,-0.37524208,-0.18062375,0.1816553,-0.30276567,0.03225761,-0.120733924
148,1.4459037,1.105713,-0.27904317,1.1509882,-0.11361904,1.0267004,-0.33444843,1.1968868,0.68918943,0.32808027
149,-1.5555027,-1.268695,-1.5852181,-1.3142911,0.03915489,-1.6385142,-1.6223001,-1.5675652,0.029124588,-0.25662708
150,0.980307,1.3827376,-0.3719964,0.26649913,-0.4894567,0.82160777,-0.3133359,0.35527325,0.809578,-0.63371235
151,-1.3854461,-0.4832652,0.034276366,-1.3782506,0.5739426,-1.2801057,-0.102913275,-1.1923646,-0.9731658,0.22722922
152,-0.81974787,0.01934301,-0.029454283,-0.6271531,-0.21838619,0.16126436,-0.113011286,-0.5140613,-1.1973814,-0.9297524
153,-0.28953826,0.23893525,-0.951252,-0.3745154,-0.4548829,-0.1604318,-0.8680944,-0.8318408,-1.083839,0.8081222
154,1.4162678,0.44989625,0.63149595,0.8842288,-0.31100544,1.2071921,0.6490011,1.2750307,2.1575024,0.18884169
155,0.95998466,0.31754464,0.6379182,0.45467955,-0.8234884,0.39735013,0.5382663,1.1507767,0.42235574,0.6452398
156,0.96187454,0.5963682,-0.5932787,0.66604173,-1.3251541,-0.12782702,-0.59065545,0.47484317,1.3626857,0.46371865
157,-0.021077119,-0.30464792,-0.3501778,-0.27820402,0.472355,-0.88552606,-0.3872319,0.41962773,0.13967459,1.0038351
158,-0.69880074,-0.63731194,-0.15625535,-0.21989797,-0.0090901,-0.070538506,-0.1850792,-0.50918937,0.26392704,0.053653974
159,0.12016152,-0.29403946,-0.17114125,-0.12565963,0.84318346,0.6282853,-0.21318093,0.73123765,0.19246586,-0.41915867
160,0.6475568,0.07978392,0.30946648,-0.25546405,-1.362245,0.33940706,0.3978804,-0.27043068,-0.8644781,-0.7639697
161,0.36312205,0.39798287,-1.774047,0.19410181,-0.41547096,0.1984146,-1.7069163,-0.9975537,1.4883922,-1.1290382
162,0.9598683,1.7376235,0.40845707,0.9217131,-0.4504016,1.1419302,0.40734056,0.9845504,1.393029,1.8017367
163,-0.5695457,-0.5784514,0.28974393,0.087339684,1.8891107,-1.2039274,0.29833323,0.6832802,-2.088582,0.599558
164,0.40091485,-0.25837088,-1.4620147,0.6643961,-0.2429401,-0.63361603,-1.4240377,0.19246691,-0.118258275,-0.9987951
165,-0.77877015,-0.64771247,-0.72449446,-0.3716987,-0.39241797,0.03276265,-0.7391996,-0.92357343,-0.5826358,-1.1518626
166,-1.0074153,-1.1752859,-0.19796948,-0.9234915,0.112137765,-0.4577756,-0.17176646,-0.004458377,-0.3528035,-1.2588423
167,-0.39929312,-0.42588118,1.4761571,-0.0077184206,2.4462328,-0.7462184,1.60901,0.41650024,-1.4183459,0.12677929
168,0.22884245,-0.2648077,0.395587,-0.7214373,-0.10406603,0.69420487,0.3743202,-0.2458824,-0.2819182,-0.027050912
169,0.25146332,0.09454069,-2.4621143,-0.029030701,-0.69254386,-0.19847086,-2.3766687,-0.44729638,0.3018936,-1.4757949
170,0.12681358,1.5225942,0.6316105,0.9282066,-0.48743075,0.80867827,0.50816727,0.7613204,0.17559251,-0.5124241
171,0.14555405,-0.29247582,-0.21730152,0.26040885,-0.6850741,0.6155799,-0.17954552,0.0017163025,0.22460963,-1.0200694
172,0.116043776,-0.15212049,-0.5844387,0.42922208,-0.1660373,0.5442055,-0.4969593,-0.5736311,-0.6997615,-1.342194
173,-0.90683246,-0.49406397,0.5497006,-0.39731959,1.4729803,-0.9915593,0.5780282,0.26302704,-0.78958946,-0.5487039
174,-0.6045144,0.47662365,1.5224074,0.82315016,2.4488826,0.0070035732,1.7649162,-0.6136804,-0.91767466,0.6711217
175,-0.45340836,-0.6956714,0.7952465,0.1881986,-0.6560317,0.17310278,0.7510446,0.028980836,0.25352353,0.6264965
176,0.91799086,1.3486791,1.3339309,0.89935535,2.4570167,1.1149762,1.3254014,1.4021455,0.9091621,2.0942516
177,0.20563301,0.21992119,-0.08048053,0.41049555,-0.3940011,-1.0684664,-0.061382513,0.25079298,-0.5628389,0.98626596
178,0.9802433,-0.108362764,0.5403091,1.0107034,-0.53441364,0.83658594,0.4698417,1.0667678,1.3473189,0.9382725
179,-0.69459796,-0.90819055,0.7166566,-0.93191403,0.5018186,-1.0839716,0.68382835,-0.24058542,-0.53626585,-0.048699707
180,0.23707087,0.42629996,0.27016628,0.4849609,-0.17307265,-0.854833,0.2761571,0.31407538,-0.7002782,1.6703717
181,0.1937853,0.3941405,1.3406581,0.92324626,1.5672127,0.8947455,1.3981109,0.95085263,0.42396447,-0.13491523
182,0.15722333,0.19464959,-1.0547945,-0.041962758,-0.124818355,-0.16039741,-0.9956504,0.09491859,0.13717625,0.2279977
183,0.8941318,0.8258336,0.9402557,0.96797544,-0.39069194,1.263504,0.8413075,1.482299,0.16646376,1.7247739
184,-0.86600363,-0.18168977,1.5206081,0.5187554,2.7743227,-0.51856947,1.7899799,1.2439624,0.15019442,0.4270104
185,1.3899995,1.1665854,-0.11963827,0.6062651,-1.0173913,0.2424335,-0.11625874,-0.20402806,-0.4095087,1.649023
186,-0.47852838,-0.4025374,0.38276526,-0.68631655,0.10310432,0.2517952,0.35281882,0.07706558,0.27643815,-0.20478398
187,0.61812425,0.35062897,1.3631285,1.1948547,0.0014568906,0.50574404,1.3141389,0.90420115,-0.10144594,0.98215497
188,-0.31409815,0.31260014,-1.1970929,-0.69727,-0.39840877,-0.62548196,-1.1740931,-0.7582596,0.63632953,-1.3131329
189,-1.2182524,-1.2370679,-0.20602833,-1.3674425,-0.46436635,-1.1804827,-0.22014035,-1.4776403,-1.0746406,-0.6724382
190,-1.4306631,-1.2006478,-1.9586215,-0.7244125,0.21125926,-1.0146698,-1.9349592,-1.5618612,-1.0301585,-0.8845561
191,0.8863176,0.1877059,1.307031,0.94221014,-1.4634427,1.5741823,1.331889,1.0528599,1.5820138,-0.601443
192,2.1130195,1.1187987,1.3682666,0.92465156,3.1481752,0.4948937,1.5121504,2.0542958,1.11917,2.0427566
193,0.24427639,0.85324436,1.2824159,0.56810045,2.19385,0.7524843,1.4734232,1.7034483,1.2939779,-0.07143437
194,1.0468458,0.17318149,0.24669674,0.23509642,-0.14093153,0.31335515,0.24060234,-0.40862522,0.97142684,1.141174
195,-0.34504336,-1.2889255,0.21239805,-0.935249,1.3068372,-0.52064073,0.25042418,-0.0016288989,-0.86636657,0.35413072
196,0.9414664,0.7906212,1.4593115,1.0952609,-0.7051246,1.1989814,1.6060153,1.5632752,0.30529404,0.1864249
197,-0.7646274,-0.27359086,-2.156279,-1.1301465,0.16433041,-0.59139746,-2.0879707,-0.7024415,-0.7529809,-1.3197196
198,0.50837034,0.69746333,1.0348779,0.7134509,-0.4454181,0.832574,0.9468415,1.2446488,0.7922787,2.017407
199,-1.8790874,-1.4559933,-1.3326643,-1.2623816,-0.38074782,-1.5566945,-1.3824043,-1.4284062,-0.58355236,-0.3917901
200,-0.14637813,-0.26185215,0.10437749,-0.8032456,-0.57708603,-0.6020218,0.12845218,0.20862636,-0.6230827,0.53169477
201,-1.4989859,-0.89333594,-1.8648713,-1.5838381,-0.43843842,-1.5139487,-1.8197519,-1.4649653,-0.43803233,-1.5050461
202,1.5328606,0.5686414,0.5516173,0.82366973,-1.1659192,1.9315753,0.6113689,0.733363,1.673831,2.087041
203,1.0618298,1.4262447,-0.048414674,0.9315905,-0.22563033,0.18369874,0.0042542,0.8306222,0.9873362,1.7579982
204,1.9688704,2.167557,1.198548,0.7467965,1.3079193,1.0448437,1.2475402,0.77008486,0.015107693,-0.048898797
205,-0.87879485,-1.5591549,0.27881953,-1.5626131,0.88457763,-0.35268164,0.22462535,-1.2803854,-0.49952057,0.38011765
206,1.5457705,0.78051364,1.1861016,1.3844485,-0.48978716,0.5384811,1.0674069,0.86133444,0.448029,1.7898823
207,1.2373358,0.46605226,0.029043907,0.64887404,-0.10338353,0.0094625335,0.076981656,1.4115489,-0.425607,1.8156552
208,0.89920986,1.4766775,0.21771915,1.397359,-0.3941148,1.5962194,0.21575505,1.3752468,0.8394951,-0.7259456
209,-1.1823658,-1.0846156,-0.3885952,-1.3171328,0.039689302,-0.56484884,-0.41174445,-0.5142002,-1.0995023,0.24479936
210,-0.6659295,-0.8048263,0.5294527,0.5452356,1.8186971,-0.020119946,0.58568186,0.9125869,-0.62321395,0.5421379
211,0.40643814,0.394601,-0.4873654,0.64158577,-0.40688553,0.3642205,-0.45201218,0.43887022,1.2349148,0.91209966
212,-0.10507244,-0.269678,0.36340144,0.32928908,-0.7757694,-0.88452405,0.34904248,0.5154274,-0.0371315,-0.37495214
213,-0.3641057,-0.07039313,1.2110528,-0.821029,2.3172562,-0.38366863,1.1122544,0.7385302,-0.37888107,-0.77954745
214,0.06470374,-0.14154927,1.0009739,0.36303568,1.2325424,-0.38626555,1.007778,-0.33724454,-0.19814166,-0.25423962
215,-0.20059165,-0.07593771,-0.34033003,-0.14785102,-0.07148395,-0.19707708,-0.37023813,-0.7934553,0.8610372,0.97977614
216,0.70478654,1.9028628,1.4160813,1.1305943,2.0839753,1.6196558,1.411543,1.4765084,1.4316595,-0.50266576
217,1.4379178,1.9225807,1.4615965,0.33683482,2.4252422,0.6569469,1.6808289,1.3335313,1.3911452,0.09990828
218,0.30714247,0.059644595,0.7990256,-0.15233901,1.1445981,0.6778565,0.7429589,1.5861208,0.063298374,-0.7301689
219,-1.465286,-2.0935829,-0.6591728,-1.5797933,-0.4722967,-2.0343068,-0.69648075,-1.5045929,-1.185196,-0.04146837
220,1.2389219,1.5542164,0.6849851,0.42083198,-0.83693177,1.3265834,0.78135425,0.20027025,1.4538857,-1.0099638
221,0.058135185,-0.1876598,-0.92359567,-0.1256484,-0.26762238,0.411989,-0.8937586,-0.5337731,1.4052961,-1.0307376
222,-0.68914485,-1.2966361,0.8442514,-0.30338922,1.1735113,-0.008259081,0.76815844,0.31170592,0.06362287,0.54399294
223,0.121222414,-0.40871128,0.77757066,0.12447128,1.3713465,0.017906157,0.70451915,-0.009505473,0.099257484,0.49466705
224,0.50194925,-0.019610412,1.004283,0.722006,2.2203403,1.0411443,0.8854557,0.4510892,1.1971897,0.63530767
225,-0.69555193,-0.05999098,0.1676025,-0.7590831,-0.39594865,-0.38541818,0.3488268,0.42541903,-0.1580583,-0.123902656
226,0.053091075,-0.4091131,1.0177935,-0.010908296,-0.3941963,-0.8306755,1.0104868,-0.9257748,-0.7499331,-1.1488708
227,1.5883906,0.56960505,0.48102617,0.8956559,1.8254582,1.4613593,0.415738,1.085328,0.5237035,-0.7267535
228,-0.10535575,-0.26399,0.7303413,-0.62256193,-0.85717773,-0.6188656,0.7252145,0.30628636,-0.60585564,-0.40822047
229,-0.7109107,-0.15360342,0.3525971,-1.2055651,-0.8952917,0.034557115,0.27688947,-1.4381634,-0.68679863,-0.16036338
230,-0.01596337,0.6274414,1.125409,0.30827346,-1.1324526,0.02536452,1.1561455,1.5050392,-0.4550995,-0.8892477
231,0.0889561,0.49365216,-2.0254824,-0.96622825,-1.3644054,0.1471082,-2.0053065,-0.66132617,-0.4929894,-1.2805303
232,0.22896191,-0.06191776,-1.6126925,-0.20251703,-0.98945034,-0.4889762,-1.6362255,-0.49738154,-0.47142994,-0.9966508
233,1.0462198,1.7348737,0.70361304,1.4528517,-0.64473635,0.83870053,0.62020504,0.6825391,1.2690859,0.8876883
234,-1.2055908,-0.54687244,-1.7708809,-1.3782214,0.4559823,-0.9596621,-1.7500335,-1.2545497,-0.04012984,-1.6276166
235,-1.3403556,-1.6788613,-0.9449717,-0.9598872,0.8406413,-1.5854752,-0.9240143,-1.2089596,-1.5210253,0.042626876
236,0.48034605,0.83060104,-0.6202772,1.1229781,0.30585572,1.7053479,-0.58845884,0.9273795,1.4656006,-0.47532654
237,-0.13311346,-0.5590967,0.6914756,0.46468827,0.46264276,0.10108627,0.63969386,-0.008109325,0.0075471653,-0.22035046
238,1.305329,1.0776252,1.1148299,2.0827093,0.8000113,0.90253013,1.0725971,1.1244131,1.3560183,2.1884828
239,-0.5417835,-0.6771601,-1.2029836,0.506094,-0.42362246,-1.0973045,-1.1693074,-1.0403379,-0.8802556,-0.98520255
240,1.4466476,2.0333693,0.9304629,1.6830525,-0.6283844,1.1004736,0.9871139,1.4581499,1.1913644,-0.20846371
241,-0.79957247,0.09325339,-1.5219482,0.4385953,-0.98270744,-0.795649,-1.4016173,-0.22649065,-0.057303783,0.16201371
242,-0.9700719,-0.12417316,0.087640904,0.11184013,-0.34015584,0.20700727,0.09732655,-0.16611667,0.0051286723,-0.5831892
243,-0.02891213,1.1884882,0.31720668,0.08749889,0.25267595,0.5631093,0.30036,0.679985,0.41013333,-0.95435566
244,0.88407564,1.1158403,0.098998606,0.4281008,-0.20394698,0.4399757,0.18403307,0.7198599,0.5260817,-0.20069024
245,1.3667239,0.8945073,0.24685125,1.0613831,-1.351674,0.86454165,0.2638718,0.68258524,1.468524,1.3031458
246,-1.1452581,-0.42386988,-1.353796,-0.15447164,-0.9918852,-0.5323705,-1.3456916,-1.3767053,-0.21485211,-1.4660203
247,-0.0696325,-0.8616411,1.0001582,-0.14921261,0.18946667,0.07371137,0.9150078,0.7821938,-0.68077296,1.0725839
248,-0.58503693,-0.813856,0.18660663,-0.8454832,0.1837122,-0.045958526,0.23176213,-0.30579287,-0.66040516,0.7479796
249,0.8906991,1.579595,0.345278,0.86420655,-0.3870772,-0.09514443,0.44320408,-0.22605649,1.0072309,1.7763695
250,0.8606474,1.5468596,0.6620688,2.2812624,-0.49688527,0.36127612,0.73609847,1.1623775,-0.1361136,1.8825738
251,-1.3592505,-2.1709025,-0.2731352,-1.1254387,-0.24459367,-1.6835171,-0.31354773,-1.0341153,-0.19978373,-0.09468663
252,-0.937404,0.15559171,0.063042305,0.0036970319,0.3028122,-0.42727122,-0.009020939,-0.48745003,-0.3138531,-0.88421106
253,1.6199597,1.9105618,0.5683118,1.3388894,2.0344877,2.0989134,0.3453751,2.0690534,1.3018761,0.46291387
254,0.14822996,-0.19859277,0.2759818,0.48692998,0.959068,0.48727092,0.31371456,-0.67779195,-0.35599184,0.2703888
255,-1.4666101,-1.991222,-1.0195295,-1.3438884,-1.1511741,-0.79494405,-1.0443492,-1.7296906,-1.1408542,0.28371313
256,0.27380177,0.5557981,0.9513286,0.27176484,0.4527157,0.75666505,0.91137886,0.19871302,0.5111397,-0.7062091
257,1.0211833,1.2730365,0.87422544,1.9228464,-0.04433554,0.9814853,0.889175,1.320374,1.6873268,2.1763022
258,1.0688825,0.87178457,0.2878061,1.253311,-0.40651053,0.38884947,0.30464467,1.1713661,0.7510624,0.3536196
259,0.890472,0.4009771,0.5284308,0.9125116,0.14248924,0.031213928,0.4521724,0.4038698,0.52792174,-0.51886034
260,-0.9902958,-0.42317855,-1.3856888,0.32069716,-0.5115092,-0.4489916,-1.4331816,-0.60629624,-0.027072214,-1.450768
261,0.14090699,1.5161391,1.348553,0.29379842,1.4316561,1.8842177,1.3828863,1.5616249,1.5739529,-0.9350735
262,-0.18589672,-0.55032444,-0.67921895,0.25373012,0.58377975,0.13918763,-0.65043056,-0.21677746,0.4284174,-0.9296849
263,0.2680103,0.8114321,0.7368089,1.7391504,-0.9323655,0.46340767,0.74435294,2.1148021,-0.02827853,0.57956886
264,-1.2303369,-0.00033252526,-0.24946488,-0.12303161,-0.655039,-0.871759,-0.18989934,-0.6522331,0.0795164,-1.240474
265,-0.08771268,0.9134937,1.3025792,-0.37104857,1.7130857,-0.723869,1.3903346,0.6550802,-0.39644247,0.037206307
266,1.1760876,1.3726019,1.0557528,1.2537497,2.4022334,1.2602707,1.0349054,1.5483898,1.0728774,-0.24855866
267,0.86153173,0.7936892,0.55387473,1.2067134,0.4557594,1.3518208,0.49234617,0.6289734,1.1371468,-0.17262912
268,-1.5057689,-0.96709037,-0.22393769,-1.538722,-0.3931635,-1.4179484,-0.18954514,-0.4739405,-1.043867,-0.22296037
269,-0.4146465,-0.28697866,0.5917454,-0.14289188,1.368733,0.8191722,0.4991389,0.57078815,-0.52943844,0.7272592
270,-0.7007669,-0.33280078,0.65728945,-0.9914853,2.0200388,0.10353521,0.63687694,-0.07053042,0.17765464,0.59646535
271,-0.008919374,-0.4703591,-0.083849534,0.115333736,0.5740872,0.54872274,-0.12743837,0.9386621,-0.40555784,-0.23978703
272,0.9407989,0.6003299,0.5970906,1.2904004,-1.634776,-0.07621799,0.5642421,0.5504882,0.5618572,0.16418149
273,1.4286944,0.66359955,1.0989666,1.3608496,0.4622817,1.0368776,1.1477032,1.028687,-0.34408146,2.1747897
274,1.1451453,1.3636804,1.1780744,2.1396205,-0.7149487,0.1952869,1.1582597,0.671314,0.32557976,1.5740207
275,0.0026760583,0.24231596,0.7333096,1.0017735,1.5277842,0.56963396,0.75372803,0.5005377,0.4879319,-0.553242
276,1.1950207,1.1079763,1.5865921,1.108727,0.16817734,0.7454446,1.7162213,1.7120743,-0.317197,1.3756632
277,0.5568915,0.50979143,-0.7829918,0.37437025,-0.8228141,-0.88770384,-0.8179417,-0.41551164,0.06655195,0.3051219
278,-1.8971268,-1.4266986,-1.8564261,-1.1248817,-1.1392245,-0.45630333,-1.8483034,-1.4715242,-0.32748646,-1.4906898
279,1.3209205,0.6622975,0.48159623,1.2345711,-0.441221,0.7915037,0.52994484,1.4655184,1.505754,0.29205468
280,1.0796524,0.38661882,0.12124778,1.2492527,0.45332652,0.83369386,0.12892455,-0.11358298,1.6009043,0.39087924
281,-0.23974815,0.04413614,-2.1934245,-0.7072004,-0.14952834,0.35128465,-2.134154,-1.2614145,1.6048697,-0.9869171
282,0.036730107,0.55925727,-1.5567505,-0.29703486,-0.54698825,0.23366454,-1.5454828,-0.5401897,0.83385855,-1.3144491
283,-0.3566338,-0.2997935,0.13339353,0.16782261,0.009653678,0.22418965,0.1292462,-0.9250368,-1.1060578,0.03941373
284,-1.1771555,-1.4798164,-0.51385945,-1.3376598,0.041057125,-1.2693545,-0.5606733,-1.266805,-1.04855,-0.15352906
285,0.45438567,0.42333886,-0.6612745,1.324032,0.30295357,0.99018973,-0.68202925,0.29935306,0.8469634,-1.2205034
286,-1.4044144,-1.4826875,-1.3280202,-1.5255166,-1.6871789,-1.7587438,-1.3616904,-0.8329126,-1.6459105,-0.44698852
287,0.36639136,0.14970684,-2.0575578,0.8041359,-1.4008904,-0.04534824,-2.0256188,-0.6434946,1.6678889,-1.2197112
288,1.9038817,2.273029,0.4423164,1.9459784,1.848225,1.3994269,0.44494045,1.3168522,1.4286633,0.47514033
289,-1.125691,-0.7499469,-1.656356,-0.6595379,0.23127623,-0.61950344,-1.6658915,-0.62010497,0.5097693,-1.1241893
290,-0.96208936,-1.4948739,-0.3502795,-0.94520557,-0.30139753,-0.76928735,-0.36238623,-0.8107687,-0.38701755,0.5190689
291,-0.60795856,0.16171457,0.30293053,0.15555269,-0.83994645,-0.45018846,0.25612867,-0.5662281,-1.5381466,0.901098
292,0.7646917,-0.05016468,0.101008624,-0.17869669,0.66695625,-0.016324503,0.12455765,1.0482885,0.03676344,1.2329884
293,-0.62001365,-0.05705422,-0.17427433,-1.1127422,0.04686419,-0.94098455,-0.20638566,-0.23786777,-0.6292002,0.27693307
294,0.90055597,0.93362033,-0.24832311,0.50207675,-0.044459525,0.58305323,-0.252191,0.15552619,1.516315,-0.43963462
295,-1.0621519,-0.56988865,-1.6769699,-0.63318026,-0.994158,-1.317353,-1.6713613,-1.3656592,-0.87800044,-1.4967148
296,-1.4777578,-1.4310131,-0.8350307,-1.7209486,-0.47998857,-0.02500969,-0.8539905,-1.5382004,-0.6341406,-0.005310515
297,-1.1684477,0.10901562,-1.3220197,-0.1851407,0.12809762,-0.5326481,-1.2541326,-0.95861727,-0.31969342,0.28040132
298,0.26457655,0.18998742,-0.8886267,0.10065704,-0.36724243,0.40434173,-0.8876515,-0.06236116,0.97415173,-1.1561451
299,0.5055196,0.025868991,1.272886,0.4081334,2.2393563,0.33599776,1.3057846,0.6650878,-0.5357838,0.40404403
300,-0.7210098,-1.2741245,-0.76265794,-1.4154894,-0.95696115,-1.2717193,-0.7582717,-0.27498588,-1.0383214,-0.34672418
301,0.27969727,0.59085476,-1.7877446,0.63877773,-0.7282221,0.6584047,-1.7521707,-0.27141696,0.31434467,-1.3857585
302,0.7463887,0.83923304,1.4842747,0.23118193,1.924846,0.46944836,1.5433798,0.20268582,0.25446337,0.92029005
303,-0.30017003,-0.61565584,0.6194122,-0.6059129,1.9966896,-0.20527399,0.546316,0.19414301,-0.5898017,0.5930504
304,0.6298459,1.3729076,0.4159711,0.089225,0.14702553,0.6813774,0.31012574,0.71767056,0.53714,0.38345504
305,0.6432517,0.6681587,0.8027518,1.127724,2.1571856,1.1096889,0.82451314,0.8838653,1.1838298,-1.0124459
306,0.19736958,-0.36558872,0.70373964,0.6332446,-1.4297559,0.018392365,0.6236544,-0.12562636,-0.9402094,1.0986084
307,-0.47210732,-1.3129035,0.7681706,-0.710035,1.373832,-0.31682932,0.82472754,0.44667947,0.25556245,0.83092374
308,0.99847275,1.4835745,0.9111038,0.41015214,-0.14902753,0.9826335,0.83624613,1.6643605,1.051158,-0.35714197
309,-0.029055212,0.8231232,1.5355304,-0.37589958,-0.9622043,-0.27396485,1.6824157,0.19260031,-0.79772514,1.641765
310,0.44516373,0.73883754,-0.57155526,0.017636802,-0.11553191,0.4462702,-0.51245916,0.74791867,-0.26100385,-0.735118
311,1.1006464,0.024184538,0.7438623,0.9004906,-0.08640387,0.9560706,0.76587665,0.12470971,0.1815309,-0.28765637
312,0.030754987,-0.7402751,-1.5140773,-0.115179986,-0.5865789,0.1979441,-1.468696,-0.82624674,-0.43917462,0.007782343
313,0.19550198,0.16914913,-1.4493023,0.05262704,-1.0612905,-0.46284235,-1.40915,-0.34880513,-0.48128107,-1.1302586
314,0.82381266,-0.35239515,-0.22994348,1.3969816,0.35698614,-0.2739892,-0.22801232,0.16317794,0.6083625,0.871312
315,0.35926953,0.5654537,-1.652816,-0.19482243,-0.3606383,0.58044964,-1.649575,1.003908,1.6647353,-0.6705222
316,-1.2643987,-0.920536,-0.49265534,-1.0156392,-0.9331672,-0.50998795,-0.445702,-0.8563168,-0.19741009,-0.7873271
317,-1.1125509,-0.74527806,-1.8126093,-1.2651397,-0.059558727,-1.0937111,-1.8953103,-1.1013188,-1.3493922,-0.8460539
318,-0.08983742,-0.80005336,-1.5988173,-0.5067335,-0.88670623,-0.7151484,-1.591338,-0.18864474,0.83733785,0.03684405
319,-0.048101544,0.0417376,-0.054625034,0.39449817,-0.6168675,-0.31339383,-0.045179546,0.7989217,-0.18270421,-0.15959735
320,-0.44474658,-1.1184826,-0.1675442,-0.99605066,0.36086282,-0.9178336,-0.18784334,-0.23911111,-1.0050275,0.07743464
321,0.47607493,0.68671614,0.7742129,-0.42500895,0.9812904,0.11966634,0.7375128,0.49688694,-0.4659097,0.78170633
322,0.6944537,2.0177827,0.47349012,1.2966155,0.111068204,1.2392153,0.5377684,0.8243333,0.64473134,-0.53075886
323,0.509366,1.1685706,0.39050525,0.9399333,-0.30859813,-0.026637057,0.4181912,0.33579674,0.87309635,1.5984193
324,1.1771948,0.5206036,0.9274573,1.3953955,-1.277489,0.27383253,0.971241,1.0974948,0.14588074,1.782228
325,-1.1040783,-1.8733821,0.045495693,-0.98952514,-0.32032797,-1.502645,0.079897195,-1.0182703,-1.1135985,0.23059228
326,-0.93955356,0.23939545,0.88197494,-0.97587967,-1.1170369,-1.2118813,0.8763922,-0.7618954,-0.89880824,0.706397
327,-0.5088582,-0.04445957,1.0377707,-0.15014467,-0.4731881,-0.9639585,1.045682,0.77775645,-0.3916124,-0.14925988
328,-0.6718835,-0.73489755,-0.2524737,-0.68914,-0.091668546,-0.4731092,-0.4023537,0.025493689,0.14594953,-0.29041415
329,0.015069421,1.2287426,0.6630416,0.5189539,2.1058607,1.9993576,0.7381038,0.28173247,0.7464134,-0.23986188
330,-0.17211467,0.02490776,0.08445291,-0.34494522,-0.795443,0.63143283,0.06958641,-0.17863457,-0.5327737,0.0029772774
331,-0.76235837,-0.6090929,-0.65151244,-1.0391824,-0.30179214,-0.47527537,-0.6512204,-0.7243444,-0.86212283,-1.230237
332,-0.78363985,-0.5900733,-0.63858765,-0.52911115,0.30487895,-0.8499791,-0.69321483,-0.99391043,-0.7502837,0.13121794
333,-0.57034725,0.16937307,0.62429434,-0.82337207,2.4244006,-1.4459792,0.52497387,1.5404531,-0.6025627,-0.113438405
334,0.93363655,1.3380507,0.8640985,1.8256434,-0.090845816,0.8745509,0.9963174,0.5132163,0.4049281,-0.029588696
335,-0.6243763,0.50084174,0.87881565,-0.28340924,2.1418233,-0.28879473,0.80517703,-0.15211317,-0.9473328,-1.0804152
336,0.03588021,0.8141376,-1.2606043,-0.63020104,-1.1690072,-0.31633195,-1.291734,-0.73759687,1.0058305,-1.2350335
337,1.4389757,0.45276698,1.5127937,1.3157841,2.0132818,1.3109148,1.4363022,1.239689,0.64218694,1.9855585
338,-1.3564692,-0.715742,0.6451998,-0.9364608,-0.7583901,-0.7608263,0.645299,-0.5908079,-0.255131,0.22250175
339,-0.762894,-0.09650684,-0.872899,-0.42225683,0.47203028,0.06127763,-0.8257575,-0.37093478,0.7261204,-0.91625404
340,0.65771776,0.1068999,0.75659907,0.8128122,1.2809541,0.6820747,0.68833464,0.53392,0.21147288,0.30631953
341,-0.014975572,-0.91995203,0.90598863,-0.486292,1.9415116,-0.122740544,0.87218493,-0.52498686,-0.42590755,0.10514895
342,-1.4147902,-1.1663797,-2.3700693,-0.6924624,-1.2355103,-0.93935037,-2.3132641,-1.602923,-0.80527997,-1.7002993
343,1.4507271,-0.05208453,1.0135992,0.25592494,-0.71423364,1.0276865,0.98292005,0.18752392,-0.44571367,1.1239557
344,-0.5040504,-0.5932365,-0.9846415,-0.674619,-1.030498,0.46185714,-0.9559391,-0.29451072,-0.6232808,-1.0975794
345,-0.48157212,-0.24351521,-0.23094487,-0.7698966,0.059756543,0.5023662,-0.26422873,-0.57742214,-0.73674256,0.14774182
346,-1.2958554,-1.7527962,-1.7683975,-1.5694475,0.25811556,-2.0573547,-1.8005987,-1.6200869,-1.6044383,-1.2404737
347,0.60515004,0.8714005,0.735972,1.2193114,0.18223792,0.43512207,0.75413674,0.83088225,0.35608348,-0.04951234
348,0.9283073,0.58883893,-0.21198261,-0.13191998,1.0337472,0.57533747,-0.13622606,1.0887022,-0.028326394,-0.9005675
349,0.20090747,0.4693553,-1.8168689,-0.50773394,-0.6211302,-0.66335374,-1.7869678,-0.6478368,1.8895142,-1.3157254
350,0.1854579,-0.17671123,1.0750026,0.40398908,-1.2762566,0.64501405,1.0055001,0.84590256,-0.024563191,1.2336508
351,0.8918145,0.49633756,-0.28570962,0.40178436,-1.7213567,-0.18919995,-0.25709718,0.91903853,1.4526055,-0.78284407
352,0.3317347,0.5252503,0.8786168,0.6923175,0.4956208,0.5465096,0.78778803,-0.5637288,0.8003157,0.9426426
353,0.35052902,0.89510703,0.05551036,0.51475775,0.5824537,0.9317055,0.04571828,0.13252273,-0.3817,1.4929403
354,-0.03579736,1.4064634,1.1429087,1.5172458,1.1070852,-0.12988187,1.1736052,1.4644542,0.033319145,-0.97907627
355,0.19562662,-0.6874865,0.34074,-0.1426599,-0.5978214,0.24465355,0.3724283,0.68696433,-0.71691054,1.1400877
356,0.8035154,-0.13036649,-2.2875066,0.08826271,-1.5590999,0.5000449,-2.251049,-0.52929974,1.3766978,0.6101314
357,0.4414376,0.6380663,0.34449762,0.513767,-0.5274588,0.30899647,0.39448798,0.44109684,0.5292193,-0.19081217
358,-0.1045731,-0.17154571,0.59553194,-1.0395504,0.29170758,-0.09717145,0.528344,-0.1574648,0.11412909,0.03487558
359,0.3929233,0.14388695,0.020562854,0.23269333,-0.20912004,-0.3352614,0.04652371,-0.14772049,-0.07812099,-0.4386658
360,0.92624557,1.0993023,0.7757097,1.3353387,1.7723874,0.941984,0.78168654,0.86791193,0.33802745,1.5498519
361,0.81951785,0.44043586,0.62480736,0.48426667,-0.2042644,0.5621087,0.6202054,0.93372023,-0.52134645,1.2037891
362,-1.0799756,-1.7653413,0.5338312,-1.3496742,-0.5616604,-0.6334096,0.5038809,-0.23222533,-0.93072176,0.40084365
363,0.982227,0.25852233,0.6666907,0.6853742,-0.44763997,0.82136583,0.60999584,0.39292827,-0.039576896,-1.1474937
364,-0.7056096,1.171022,1.3561884,-0.18247044,2.3188746,0.38124835,1.3415207,0.37556055,0.4816759,0.34545803
365,1.0407856,0.8476815,0.31064934,0.74182326,-0.1642584,0.81893617,0.2649042,-0.03974233,1.0642873,1.2471801
366,-0.5450683,-0.22237875,-0.039642986,-1.0964628,-0.6343256,-0.62904745,-0.07015462,-0.67110515,-0.2942134,0.048825264
367,-0.93732625,-1.7499169,-1.3389047,-1.0139508,-0.32990626,-0.59320235,-1.3255749,-1.5516282,-0.81004226,-0.89470506
368,0.6809485,0.65643954,-0.21367498,1.2008939,-0.57359916,0.9589757,-0.30020538,0.3423629,1.6441132,0.36682796
369,0.41335815,1.010908,0.53294545,0.810798,0.05607823,0.9366346,0.5057909,1.3970629,1.5778251,1.5350966
370,-0.3061744,-1.4786005,-0.071109615,-0.24841726,0.4889152,-0.5710832,-0.06746856,-0.09739872,-0.7201921,0.12596768
371,-1.4560481,-1.0864934,0.44706914,-0.9420617,-0.053691305,-1.4793845,0.32612568,-0.56276107,-0.51138777,-0.53705186
372,-0.8209767,-0.82448554,0.5668111,-0.80292785,0.77448654,-0.5928257,0.52964145,-1.3000159,-0.8130278,-0.7639117
373,0.85280395,0.41753125,-1.1273717,0.9320927,-0.094023846,0.66592866,-1.177462,-0.17261082,1.0193676,1.4864978
374,0.27431557,0.058491003,0.68881685,0.54814386,-0.3511488,0.87735826,0.6543012,0.16731048,-0.13933323,1.6418606
375,-0.47638047,-1.3286326,-0.45946464,-1.2203536,-0.6394831,-1.3187939,-0.40607715,-1.037954,-0.74891907,-1.6466709
376,1.289383,0.6603685,1.1495758,0.5666026,2.4737806,-0.3485302,1.0614905,1.0451317,-0.9144501,0.914989
377,-0.4540672,0.26320797,0.14956759,-0.5672933,-0.78169507,-0.4777354,0.14559928,-0.35414386,-0.057853922,-0.7957722
378,0.81843823,0.19918759,0.2626339,0.76265615,-0.5372649,1.3740917,0.28827387,-0.13648906,1.0645881,-0.7726594
379,0.49809092,1.0303729,-0.79065776,1.433386,-0.78680843,0.46807742,-0.74990886,-0.046523202,1.9197259,-1.0467837
380,-1.5591165,-1.7603678,-1.9130173,-1.8212569,-0.20881563,-1.0374002,-1.8981798,-1.2050564,-1.4022589,-1.2844949
381,-1.0896537,-1.327429,-1.1052089,-1.3379234,-0.90127635,-1.0654358,-1.0849588,-0.96793216,-1.4072865,-0.72507435
382,-0.32275724,-0.43433627,-0.93434525,-0.06907394,-0.8683088,0.47566146,-0.9163434,-0.8693026,-1.1007392,0.139091
383,1.4665353,0.8732023,0.6216865,0.7440774,-1.7216142,0.78657323,0.56786877,0.55398136,-0.30256504,1.8350949
384,0.8919736,1.2803043,0.50385547,-0.24618816,2.1856766,1.3408954,0.56152,0.8117167,0.6789579,-0.95217836
385,0.51923937,0.9942249,1.1658643,0.88863087,-0.3195409,1.1565921,1.2284305,1.4087955,1.0730386,0.8699396
386,0.6125716,0.76396173,-0.7277321,0.9456353,-0.55627435,0.62782365,-0.67098296,0.25088036,0.6947724,-0.9867219
387,-0.5731262,-0.83075666,0.06176688,-0.36143932,-0.5523231,-0.9739002,0.0013722848,-0.6747808,0.6076114,0.30309957
388,-0.31528255,-0.15835474,1.0662987,-0.61462486,1.9419003,-0.57215166,1.2664644,0.62046915,-0.5264705,-0.1042607
389,-0.64731234,-0.5194646,-0.79008317,-0.73221105,-0.1953958,0.44037235,-0.7581364,-0.29211754,0.14507613,-1.1997528
390,1.3987836,1.7729106,0.7787195,1.0020348,-0.3900644,1.3647614,0.6536934,1.717757,1.2819554,-0.7781203
391,1.2145742,1.2257454,0.59004277,-0.21757902,-0.95160586,1.5558629,0.5915007,1.3881805,1.0181907,-0.15037107
392,1.6088629,0.36465013,0.47437274,1.1906638,-0.7770717,1.1179311,0.48237687,0.8956748,0.6076346,1.5303725
393,0.8124742,0.6239835,0.24162556,1.0470482,-0.47270644,0.80629843,0.27043465,0.9498758,0.9644801,-1.1740808
394,-1.3530029,-1.2051395,0.64102966,-1.051129,-0.96205163,0.11580063,0.56333005,-0.7064246,-0.5886248,0.3934217
395,0.3301027,1.0666597,0.86751306,0.65188235,0.33399084,1.2852415,0.78768414,0.6583471,1.037356,0.23907995
396,-0.43747392,-0.976431,-0.43071496,-0.8541719,-0.51709914,0.15560558,-0.39152893,-0.6586435,-0.023862094,0.21323872
397,-1.1724685,-0.9591702,-1.080058,-0.8658339,-1.1360053,-1.2425832,-1.0423851,-0.3288798,-1.2350559,-1.0312922
398,-0.5333961,0.1081757,-2.8233614,-0.68286765,-0.32760757,-0.9950574,-2.7369757,-1.5745809,-0.06078609,-0.8022811
399,-0.62527454,-0.5264023,-0.30177778,-0.4207919,0.21942468,-0.09166573,-0.32257783,-0.42603824,-0.10278425,-1.6405109
400,-1.9133877,-1.5208763,-2.1134322,-1.4556861,-0.05864764,-1.8936756,-2.080733,-1.4640161,-0.9534846,-0.15822653
401,-0.85914075,-1.6359252,0.43151966,-0.4566393,1.8135079,-1.5243084,0.4957264,0.04358364,-2.4927378,0.20552576
402,0.62334436,1.253109,0.8344951,0.50734615,1.160331,0.05964406,0.8207187,1.835467,-0.11188088,0.30417854
403,1.6357067,1.2996682,0.68567634,1.4752859,1.117267,1.5625024,0.65660733,1.018121,0.8225808,2.4039502
404,0.5573915,0.4992534,0.7196271,0.45895836,-0.32145593,-0.30803636,0.68398976,0.73690623,-0.22542544,-0.24487673
405,0.1919868,0.65727824,0.42464134,0.57591665,-1.4704535,0.33754373,0.49451613,0.32123634,-0.6496477,-1.2599396
406,0.16374308,0.25645924,0.37762925,0.94002944,-1.1143607,0.011446744,0.38784102,0.04219163,-0.1531873,-1.0802348
407,0.77941823,-0.17568643,-0.124057025,0.38537633,-0.59680253,0.10782551,-0.009177561,0.13340041,-0.29527447,-1.1237127
408,-0.069387294,-0.5858491,0.57733333,-0.55256736,1.5612459,-1.1385404,0.5195739,1.270414,-0.4212545,0.47843012
409,-0.0908254,0.46546182,-0.9868479,-0.16294532,-0.6043663,0.7401323,-0.9724811,-0.14324796,0.16906641,-0.5659501
410,0.3774386,0.04208231,-0.060288273,0.31439996,-0.05911445,-0.17592551,-0.058601424,-0.16469528,0.27608094,0.801609
411,-1.5456953,-0.89234143,-0.6598907,-0.5793404,-0.64440143,-0.8082618,-0.62617403,-0.676736,-0.87160456,-0.016200967
412,1.87193,1.312529,1.1178808,1.3719984,-0.92306906,0.70712346,0.9638972,0.520093,1.4045371,-0.1298182
413,-1.2437925,-0.8925441,-0.58747876,-1.2277579,-0.31906602,-0.3096488,-0.6435633,-0.8998343,-1.3899691,-1.3752927
414,-0.23468545,-0.58300406,0.88170654,0.3730964,-0.46067265,-0.67200667,0.82097125,-0.90345365,-0.12782001,0.7105342
415,2.0352538,1.8489718,1.2873822,2.0423753,-0.3344834,0.5412511,1.4080924,0.691706,1.5902277,0.5836007
416,-0.7194201,-0.9066976,0.17961197,-0.6479418,1.4616162,-1.2071813,0.11570261,-1.0998971,-0.69830894,0.538302
417,0.91308993,0.5557438,-0.061775707,-0.08668446,1.9744556,0.65789515,-0.09087213,0.6824029,-0.053159878,-0.48778856
418,0.69191504,0.6448291,-0.04329236,0.5226582,-0.5303264,0.29311424,-0.08609628,0.2032387,0.30123973,1.6177541
419,0.4293931,0.419278,0.14588946,0.3515663,-0.6777649,0.23032647,0.13693532,1.0458132,0.4394207,-0.34371713
420,1.4565085,1.0294437,0.9553917,0.15646559,2.3816817,-0.29197574,0.90648955,1.1521611,-0.5187979,0.04645428
421,-1.2247691,-1.0152053,-1.0529481,-0.83346474,0.21982978,-0.99235594,-1.2032074,-1.1154306,-0.29211202,-0.11157451
422,-0.8621053,-1.2278442,-0.24745639,-0.55121195,1.2780458,0.22677755,-0.22542776,-0.33650205,-0.92723393,0.60842294
423,-0.5946847,0.22129461,1.1438406,0.47719535,1.148945,-0.24445643,1.207648,1.4806732,-1.7001857,1.5221466
424,-0.17945,0.04886199,0.3052883,0.20812933,-1.0484154,-0.8191265,0.29631552,0.23613098,-0.21420808,1.450616
425,-0.3941663,-0.4980701,0.049686022,-0.044909123,-0.101470195,-0.27780718,0.007625757,-1.1705706,-0.9200917,-0.2991488
426,0.18106249,0.9133011,1.24257,-0.16579546,1.9067788,0.2863197,1.2771294,0.23728229,0.91945887,1.2809788
427,0.11047155,0.7645612,0.60503983,0.10174577,-0.85085773,-0.10152513,0.5081459,0.103699476,-0.51934236,-1.1450534
428,0.5222956,-0.4797409,-1.7855176,0.48042315,-0.37733826,0.42630956,-1.7786702,-0.75511634,1.9539046,-0.62378776
429,0.49852854,0.19600354,-1.9270175,-0.4860031,-0.57366145,0.0138779385,-1.9651947,-0.7612762,2.1134124,-1.3118054
430,0.86193913,0.85788643,1.325889,1.118999,0.5442345,0.5696832,1.4142033,0.98026586,1.4042534,2.3593664
431,-1.0885954,-1.0018649,-0.21157436,-0.8183775,-0.08942977,-0.22912173,-0.21353447,-1.2485831,-0.6976943,-0.2547232
432,0.38332602,-0.14568639,0.6993142,0.41855174,1.3346691,0.8291767,0.7388345,0.05409913,-0.8617329,-0.2994576
433,1.0280906,0.5800939,0.17563581,1.1806201,0.1846652,-0.08419215,0.107594326,0.38477764,0.79255384,0.48454595
434,-0.7504768,-0.44269535,0.015150485,-0.087539025,0.062276304,0.11927577,-0.0149559975,-0.17913881,-1.3441924,0.563208
435,-0.2669348,0.41256288,1.0614171,-0.35088173,2.653144,0.68480223,0.9746319,0.12560353,-1.8610846,0.37211648
436,0.7089703,1.3672954,0.11030974,0.6633697,0.06728027,0.4860703,0.01140849,0.59011763,1.4480275,-1.1794243
437,-0.874494,-0.9230363,0.20541544,-0.7079826,0.07212306,0.25661018,0.18451792,-0.052458037,-0.5031831,-0.49168023
438,-0.87957114,-0.8569062,-1.4775496,-1.4857804,-1.15494,-0.6801375,-1.4483651,-2.0357988,-1.2153809,-0.77536666
439,-0.32272622,-0.6270759,-1.1614254,-0.15894192,-0.44423664,-0.31795403,-1.1343623,-1.0737338,-0.05144475,0.116324954
440,-0.025419727,-0.024142811,0.1423972,-0.019711817,-0.92230827,-0.40323678,0.1064362,-0.41025123,0.18413714,-0.28809863
441,-1.4139327,-1.0409819,-1.8812633,-1.2685276,-0.25720295,-0.96205395,-1.9127679,-1.4213958,-0.34034798,-1.7126145
442,0.6956613,1.5700144,1.0039408,0.8472512,1.832119,0.15543717,1.0781865,1.0025709,0.09222591,1.1565288
443,0.4916848,0.7197089,0.19930275,0.5733826,-0.40187272,0.57735664,0.25340325,0.6592739,0.3712537,1.6199218
444,-0.12174392,-0.3114236,0.12918428,0.025231866,-0.6658506,0.21429732,0.15637049,0.42227244,0.090774775,-0.6822083
445,0.06640248,1.3341001,1.0539054,0.61698806,-0.21739437,-0.25279024,1.1834596,0.36957896,0.009491954,-1.3018596
446,0.31963843,-0.42799568,0.7367296,-0.49440074,0.10125627,-0.78069156,0.65436274,0.42114672,-1.5291709,0.60521626
447,0.3823365,-0.18008032,1.3353153,-0.6031794,0.33713424,0.7307385,1.510584,0.57854545,0.09385838,-0.22950006
448,1.0103837,0.46121994,0.6619089,0.9867881,1.9586394,-0.43571097,0.6763787,1.0702276,0.2841884,0.84528124
449,0.7673693,0.54285693,0.80631167,0.995581,0.78646165,-0.55199945,0.8715175,1.599942,-0.29908597,0.9541389
450,0.060617484,0.69686186,-0.016541319,0.4608103,-1.0521462,-0.18628874,-0.012604473,0.79219896,-0.62709796,1.259082
451,-1.3295105,-1.3165182,-0.27067637,-1.3075485,-0.4930625,-0.9716564,-0.25393426,-0.86917746,-0.8911699,-0.97999936
452,0.31515706,0.5680106,-1.4180883,0.124642365,-0.7798037,0.14676437,-1.3434232,0.054862402,-0.41750842,-0.82004344
453,1.3859673,1.2764835,0.91646314,1.2304114,-1.7217433,0.96057063,0.8872927,1.1068842,1.0127488,0.83847547
454,1.5168092,0.15407911,0.42969933,0.82057464,0.12727669,1.6026822,0.4467827,1.546805,0.47553945,-0.53059655
455,-1.7977358,-0.8310729,-0.9346686,-1.8244514,-0.15460996,-1.2486604,-0.9311408,-1.5165694,-0.65533555,-1.1664217
456,1.4458725,1.2790298,1.3026686,0.810165,-0.5924724,0.10741732,1.2270417,0.50142276,0.57649046,1.7820042
457,-0.29138267,0.002586791,0.26293898,0.040551465,1.2763993,-0.4178578,0.19088034,-0.64914584,-0.989043,0.5493346
458,-0.21457782,0.35694638,0.69321233,-0.20571026,0.44709027,-0.17157169,0.6583319,0.32861003,-0.16940203,0.49044392
459,-0.53538066,0.19283971,-0.08198938,0.088704124,-0.19834308,-0.61443365,-0.13987996,-0.29416642,0.8441617,0.1356107
460,-0.048914976,0.23488833,0.91982925,-0.11794841,1.392536,-0.24500483,0.9127272,0.22740574,0.031915545,1.1613723
461,1.1002208,0.21912536,0.52654755,0.42632464,-1.2340938,-0.017579746,0.5133228,0.9079672,0.4902901,1.4310687
462,-1.0147225,-0.48742226,-1.5117321,0.22266065,0.3033645,-0.33701602,-1.4469484,0.124593765,0.21809705,-0.83768255
463,-1.2073642,-1.7724078,0.15793422,-0.898142,0.36816773,-0.8380816,0.13344952,-0.07676924,0.04296759,0.66515505
464,-0.3078568,-0.22619404,-0.62851185,-0.64931846,-0.36388186,-0.29331172,-0.6525448,-0.5053323,0.12294379,-1.8110018
465,0.7194101,0.7544408,0.31629297,0.4623918,-0.14090753,-0.27134407,0.32019725,0.8991023,0.2925258,1.5838672
466,0.2061094,0.34952205,0.75507754,0.19978338,1.4909647,-0.21065255,0.75014937,1.0136337,0.31742662,1.2371166
467,-0.016730906,-0.649828,1.1137936,-0.3822488,-0.6757596,-0.20862825,1.2142638,1.143203,-0.2821106,-0.17185564
468,-1.4612067,-1.4826223,-1.1785275,-1.0727025,-0.66638076,-1.2746551,-1.1637458,-1.0216295,-2.2729726,-0.08474765
469,0.8952347,0.29362226,-0.18669175,1.064592,0.16742794,0.3416309,-0.22706991,0.32721266,0.24583568,-0.96801513
470,-0.008371897,-0.46347502,-1.4988817,0.50783485,-1.2937924,-0.14755867,-1.4813234,-0.4176947,-0.24428047,-1.4561776
471,0.5730992,0.29621473,-0.12262815,0.33403102,-1.0795647,-0.6701249,-0.12959328,-0.073316954,0.63896173,-0.38509077
472,0.7555324,0.49114022,0.09086661,0.86919534,-0.7662285,-0.27923787,0.16710731,-0.36035058,-0.16343874,1.421322
473,0.06195677,0.39617434,-1.9548118,0.48461434,-0.1992668,-0.605738,-1.9024553,-1.0412301,-0.22490501,-1.0275403
474,-0.15394399,0.3481449,0.9593977,0.46585867,-0.43150872,-0.57694983,0.82392496,0.70338726,-0.41000897,-0.65852386
475,-0.26831117,0.2575877,0.16194452,0.15497845,-1.6492629,0.521778,0.123843454,-0.5844027,-0.56103826,-0.65362906
476,-0.5262757,0.03196452,-2.146234,-0.8720725,-0.39571938,-0.773489,-2.1167014,-1.3695953,1.2780391,-1.1730914
477,-1.1134754,-0.5692386,0.73329896,-1.3645034,0.37124172,-0.30961925,0.6719132,-0.89135337,-0.6893804,-0.38904724
478,0.51065725,-0.17293347,0.06174899,0.029220266,-0.65690213,-0.9691352,0.09542886,0.050768603,0.5803802,1.4320446
479,-1.3808721,-0.16616465,-0.4921044,-0.5243334,-1.5051167,0.33212554,-0.5590261,-1.0863965,0.004770572,-1.3295271
480,-1.1300224,-1.5898602,-1.4344201,-1.9144447,-0.805397,-1.551476,-1.4412346,-1.858914,-1.2076888,0.03940506
481,0.61347306,1.2555836,1.1545255,0.81782556,1.2760574,1.3940709,1.2368395,0.89132756,0.91818166,0.48218367
482,-0.7648492,-1.3878566,0.5085361,-0.1098297,2.0555184,-2.096013,0.5259699,0.40204307,-1.1983067,0.14607202
483,0.81236744,0.9362023,0.08102969,0.3396034,-0.7165955,0.67246747,0.098592125,-0.09710675,1.9520192,0.07951595
484,1.0363369,0.17986687,0.41423622,0.79308647,-1.0738875,0.33223155,0.4825022,1.0740372,-0.030058395,0.1455003
485,-0.6689506,-0.6110987,-0.865589,-0.81457156,-0.7180036,-0.28522873,-0.88932824,-0.41987813,-0.3981938,-1.435901
486,0.80775213,1.1813155,0.9269664,1.0489175,-1.231587,1.3040693,0.90065694,0.6010952,1.0217634,0.29130477
487,0.70401096,0.3102879,0.9702301,0.0025842965,-0.73867416,0.62631434,0.9498577,1.3576547,-0.035009235,0.02408238
488,-0.8246443,-1.2362702,-0.8383893,-1.1706939,0.18256786,-0.4710401,-0.87416613,-1.1562663,-1.23833,-1.2953916
489,-1.0612226,-0.7459078,-0.14732152,-0.24496421,-0.78113234,0.1684001,-0.14180107,-0.47244483,-1.1992428,-1.4435436
490,0.15163897,-0.20967433,0.6568878,0.62315804,0.10618421,0.52468973,0.7216638,-0.62405175,-0.01914497,0.014862752
491,1.4214497,0.7640673,-0.09031247,1.0942484,-1.7230157,0.47788322,-0.113901675,0.66383314,0.04507412,1.3164965
492,-0.2827088,-0.18711938,0.10814302,-0.98711854,1.5342156,0.2382395,0.14396597,-0.8480548,-0.3958952,0.52952075
493,0.119252816,-0.1662891,0.8209863,-0.4544883,-1.2875923,-0.77336943,0.78493917,0.48984897,-0.101147756,-0.31234014
494,1.0541761,0.56482404,-0.40341225,0.73372936,-0.45150182,0.903966,-0.3772043,-0.005765905,0.541845,0.10834879
495,0.12204712,-0.6356809,0.64461523,-1.1043336,1.8395994,-0.06520881,0.7082053,0.30938745,-0.724165,1.0564857
496,0.0131707275,-0.6556509,1.1685514,-0.34057504,-0.2745492,-0.6249162,1.0669432,-0.4873747,-1.2191947,-0.29558614
497,-1.8394183,-0.90771896,-1.030318,-1.7206833,-0.629373,-1.9463022,-1.0507829,-1.6910461,-1.122655,-1.2525221
498,1.9099284,1.7257551,0.085044056,1.1252166,0.01181946,0.5843471,0.038522545,0.8602317,0.4007409,0.24599595
499,-0.037727937,0.3608727,1.5084246,-0.58927304,-0.9150626,0.06220166,1.6260316,0.6158565,0.108675994,0.92243063
500,-1.09563,-1.8048441,-1.9447495,-1.553662,-0.029733708,-1.7734714,-1.9406676,-1.9498241,-2.2014568,-0.12463844
